,FacultyId,Name,Gender,Age,JoiningYear,Designation,AreaOfSpecialization,AppointmentType
0,0,Emma Scott MD,Female,54,2018,Dean,Data Science and Engineering,Regular
1,1,Henry Lewis,Male,47,2022,Research Professor,Robotics and Automation,Regular
2,2,Rachael Green,Female,60,2017,Research Professor,Electrical Engineering,Conract
3,3,Donna Brown MD,Female,51,2017,Lecturer,Geotechnical Engineering,Approve
4,4,Crystal Lambert,Male,42,2022,Senior Professor,Aerospace Engineering,Regular
5,5,James Thornton,Male,58,2018,Assistant professor,Electrical Engineering,Regular
6,6,Michael Munoz,Female,40,2023,Research Professor,Computer Engineering,Approve
7,7,Brittany Flores,Male,60,2018,Senior Professor,Environmental Engineering,Approve
8,8,Leah Harris,Male,49,2022,Associate Professor,Geotechnical Engineering,Conract
9,9,Erik Foster,Male,60,2018,Dean,Robotics and Automation,Conract
10,10,Timothy Ochoa,Female,60,2017,Dean,Computer Engineering,Regular
11,11,Mrs. Katherine Howard,Female,60,2018,Dean,Data Science and Engineering,Regular
12,12,Erik Patel,Female,60,2017,Director,Data Science and Engineering,Regular
13,13,Katherine Douglas,Male,47,2022,Dean,Geotechnical Engineering,Conract
14,14,Wendy Roy,Male,60,2017,Associate Professor,Civil Engineering,Approve
15,15,Anthony Bennett,Male,60,2017,Dean,Electrical Engineering,Approve
16,16,Douglas Moore,Female,56,2016,Director,Aerospace Engineering,Regular
17,17,Katrina Morse,Male,45,2021,Assistant professor,Electrical Engineering,Regular
18,18,Jean Maldonado,Male,43,2023,Dean,Software Engineering,Approve
19,19,Terri Ochoa,Female,43,2022,Senior Professor,Geotechnical Engineering,Conract
20,20,Peter Andersen,Female,56,2018,Director,Environmental Engineering,Conract
21,21,Diana Hughes,Female,49,2023,Senior Professor,Data Science and Engineering,Approve
22,22,Crystal Wells,Male,58,2017,Assistant professor,Geotechnical Engineering,Conract
23,23,Alexander Russell,Male,31,2023,Lecturer,Computer Engineering,Regular
24,24,Paul Hall,Male,43,2022,Senior Professor,Mechanical Engineering,Approve
25,25,Amy Anderson,Male,55,2017,Assistant professor,Electrical Engineering,Conract
26,26,Brittany Mcdaniel,Female,48,2021,Lecturer,Mechanical Engineering,Approve
27,27,William Booth,Female,60,2018,Director,Software Engineering,Regular
28,28,Joseph Chen,Female,56,2017,Director,Electrical Engineering,Approve
29,29,John Davis,Male,60,2017,Dean,Chemical Engineering,Approve
30,30,Melissa Allen,Female,47,2022,Associate Professor,Aerospace Engineering,Approve
31,31,Sophia Martin,Male,53,2018,Assistant professor,Aerospace Engineering,Approve
32,32,Julie Ward,Female,60,2018,Dean,Software Engineering,Approve
33,33,Nicholas Carrillo,Female,50,2023,Director,Robotics and Automation,Approve
34,34,Thomas Hickman,Female,34,2021,Dean,Mechanical Engineering,Regular
35,35,Yvonne Preston,Female,60,2018,Lecturer,Electrical Engineering,Regular
36,36,Daniel Griffin,Male,40,2023,Assistant professor,Data Science and Engineering,Approve
37,37,Jacqueline Dominguez,Female,59,2016,Assistant professor,Chemical Engineering,Conract
38,38,Stephanie Newman,Male,41,2023,Associate Professor,Electrical Engineering,Approve
39,39,Timothy Rodriguez,Female,40,2021,Director,Chemical Engineering,Regular
40,40,Tonya Holmes,Female,35,2021,Director,Civil Engineering,Approve
41,41,Michele Massey,Male,60,2017,Associate Professor,Aerospace Engineering,Approve
42,42,Jamie Manning,Female,52,2016,Associate Professor,Mechanical Engineering,Regular
43,43,Ronald Hampton,Male,42,2021,Assistant professor,Software Engineering,Regular
44,44,Carolyn Lane,Male,54,2017,Senior Professor,Environmental Engineering,Conract
45,45,Christine Paul,Male,60,2017,Dean,Software Engineering,Regular
46,46,Kristen Martin,Male,60,2016,Lecturer,Mechanical Engineering,Regular
47,47,Eileen Hernandez,Female,48,2022,Dean,Software Engineering,Approve
48,48,Heather Owens,Female,38,2023,Associate Professor,Chemical Engineering,Approve
49,49,Brian Tyler,Male,57,2017,Director,Geotechnical Engineering,Conract
50,50,Michael Faulkner,Male,51,2016,Senior Professor,Software Engineering,Approve
51,51,Stephanie Riley,Male,50,2022,Dean,Civil Engineering,Conract
52,52,Gabriel Murray,Male,54,2017,Assistant professor,Geotechnical Engineering,Regular
53,53,Bruce Robertson,Male,45,2022,Senior Professor,Electrical Engineering,Conract
54,54,John Jordan,Male,50,2021,Senior Professor,Computer Engineering,Conract
55,55,Lisa Watts,Female,44,2023,Assistant professor,Environmental Engineering,Regular
56,56,Christopher Garcia,Female,45,2022,Dean,Software Engineering,Regular
57,57,Harold Gomez,Female,46,2023,Director,Data Science and Engineering,Approve
58,58,Kenneth Harvey,Female,32,2021,Director,Computer Engineering,Regular
59,59,Charlotte Roth,Male,38,2023,Assistant professor,Data Science and Engineering,Conract
60,60,Mike Lopez,Female,46,2023,Lecturer,Geotechnical Engineering,Regular
61,61,Allison Hill,Female,60,2016,Associate Professor,Computer Engineering,Conract
62,62,Casey Lopez,Female,50,2022,Associate Professor,Electrical Engineering,Regular
63,63,Elijah Wilson,Female,59,2016,Lecturer,Civil Engineering,Approve
64,64,Kyle Franco,Female,40,2022,Director,Civil Engineering,Approve
65,65,Brian Conrad,Male,50,2023,Lecturer,Data Science and Engineering,Regular
66,66,Catherine Lopez,Male,60,2016,Research Professor,Software Engineering,Regular
67,67,Dr. Victor Jones,Male,49,2021,Research Professor,Civil Engineering,Regular
68,68,Sara Stanton,Female,60,2016,Research Professor,Software Engineering,Regular
69,69,Kara Harris,Male,42,2021,Research Professor,Software Engineering,Conract
70,70,Melissa Dawson,Male,50,2023,Research Professor,Computer Engineering,Regular
71,71,Shane Hale,Male,45,2023,Director,Chemical Engineering,Regular
72,72,Jennifer Martinez,Female,53,2016,Associate Professor,Geotechnical Engineering,Regular
73,73,Diane Morales,Male,59,2016,Associate Professor,Electrical Engineering,Conract
74,74,Kristin Weeks,Male,52,2017,Senior Professor,Geotechnical Engineering,Approve
75,75,Tina Wagner,Male,50,2023,Senior Professor,Software Engineering,Regular
76,76,Mary Gordon,Female,33,2022,Director,Aerospace Engineering,Approve
77,77,Mrs. Kathryn Collins,Female,51,2016,Associate Professor,Software Engineering,Approve
78,78,Deborah Freeman,Female,55,2016,Dean,Computer Engineering,Regular
79,79,Jacqueline Deleon,Female,44,2022,Research Professor,Civil Engineering,Approve
80,80,Nicole Young,Male,55,2018,Associate Professor,Aerospace Engineering,Regular
81,81,Toni Archer,Male,34,2023,Associate Professor,Chemical Engineering,Regular
82,82,Jacob Lloyd,Female,52,2018,Lecturer,Robotics and Automation,Approve
83,83,Ann Martin,Male,43,2022,Director,Mechanical Engineering,Conract
84,84,Christina Johnson,Male,57,2018,Associate Professor,Geotechnical Engineering,Approve
85,85,Christopher Ruiz,Male,47,2022,Senior Professor,Data Science and Engineering,Regular
86,86,Frank Garcia,Female,60,2018,Research Professor,Computer Engineering,Regular
87,87,Steven Davenport,Male,56,2018,Research Professor,Chemical Engineering,Regular
88,88,Steven Barajas,Male,49,2021,Director,Aerospace Engineering,Regular
89,89,Chelsea Mcmahon,Male,58,2017,Associate Professor,Chemical Engineering,Conract
90,90,Jeffrey Chambers,Male,34,2021,Associate Professor,Chemical Engineering,Approve
91,91,Samantha Wilkinson,Male,45,2021,Lecturer,Geotechnical Engineering,Conract
92,92,Jacqueline West,Female,56,2016,Research Professor,Environmental Engineering,Conract
93,93,Thomas Higgins,Male,39,2021,Associate Professor,Chemical Engineering,Conract
94,94,David Buck,Female,38,2023,Dean,Data Science and Engineering,Conract
95,95,Brandon Martin,Female,43,2023,Assistant professor,Robotics and Automation,Conract
96,96,John Reynolds,Female,49,2021,Associate Professor,Civil Engineering,Conract
97,97,Mary Stephens,Female,60,2018,Assistant professor,Chemical Engineering,Regular
98,98,Jason Scott,Female,60,2017,Associate Professor,Computer Engineering,Regular
99,99,Cynthia Myers,Female,37,2023,Lecturer,Computer Engineering,Regular
100,100,Lisa Wilson,Female,42,2023,Director,Chemical Engineering,Conract
101,101,Krystal Miles,Female,57,2018,Director,Software Engineering,Regular
102,102,Glenda Chavez,Male,55,2017,Research Professor,Software Engineering,Regular
103,103,Brandon Rocha,Female,50,2021,Dean,Mechanical Engineering,Conract
104,104,Rodney Costa,Female,50,2023,Dean,Geotechnical Engineering,Approve
105,105,Alexander Henry,Male,55,2016,Associate Professor,Data Science and Engineering,Regular
106,106,William Hill,Male,60,2018,Lecturer,Software Engineering,Regular
107,107,Jordan Jones,Male,51,2018,Research Professor,Data Science and Engineering,Regular
108,108,Troy Turner,Male,60,2017,Senior Professor,Computer Engineering,Conract
109,109,Susan Warren,Female,60,2017,Senior Professor,Civil Engineering,Conract
110,110,Charles Sanchez,Male,45,2022,Lecturer,Aerospace Engineering,Approve
111,111,Nathan Wilson,Male,60,2018,Lecturer,Environmental Engineering,Approve
112,112,Holly Brooks,Male,47,2021,Associate Professor,Environmental Engineering,Approve
113,113,David Woods,Male,48,2023,Director,Software Engineering,Approve
114,114,Charles Garcia,Male,59,2018,Research Professor,Data Science and Engineering,Conract
115,115,Lauren Flores,Male,58,2018,Dean,Mechanical Engineering,Approve
116,116,Taylor Gonzalez,Male,30,2022,Lecturer,Computer Engineering,Approve
117,117,Bryan Delacruz,Male,51,2018,Senior Professor,Civil Engineering,Approve
118,118,Sharon Castillo,Female,59,2016,Associate Professor,Computer Engineering,Approve
119,119,Amy Martinez,Female,30,2022,Dean,Data Science and Engineering,Conract
120,120,Jeremy Ford,Male,60,2017,Director,Mechanical Engineering,Approve
121,121,Joseph Nelson,Male,56,2017,Senior Professor,Mechanical Engineering,Regular
122,122,Jaime Wilson,Female,60,2016,Lecturer,Electrical Engineering,Approve
123,123,Jonathan Robinson,Male,40,2021,Research Professor,Computer Engineering,Approve
124,124,Valerie Jacobs,Male,58,2017,Senior Professor,Geotechnical Engineering,Approve
125,125,Kara Hawkins,Female,56,2016,Senior Professor,Chemical Engineering,Conract
126,126,Aaron Yu,Female,47,2022,Senior Professor,Civil Engineering,Regular
127,127,Tiffany Malone,Male,38,2023,Dean,Civil Engineering,Approve
128,128,Aaron Avery,Male,54,2018,Research Professor,Chemical Engineering,Approve
129,129,Christopher Brown,Male,60,2016,Dean,Aerospace Engineering,Regular
130,130,Kimberly White,Male,49,2021,Research Professor,Geotechnical Engineering,Conract
131,131,Mrs. Angela Kelley,Female,56,2018,Director,Mechanical Engineering,Conract
132,132,Casey Melton,Male,31,2022,Director,Mechanical Engineering,Approve
133,133,Teresa Scott,Male,57,2018,Dean,Mechanical Engineering,Approve
134,134,Sabrina King,Male,46,2021,Director,Mechanical Engineering,Conract
135,135,Peter Conner,Female,50,2022,Research Professor,Robotics and Automation,Approve
136,136,Rhonda Gilbert,Female,41,2021,Senior Professor,Civil Engineering,Conract
137,137,Robert Peterson,Male,60,2018,Lecturer,Civil Engineering,Conract
138,138,Joseph Chan,Female,44,2022,Research Professor,Civil Engineering,Approve
139,139,Sean Gordon,Male,49,2022,Dean,Software Engineering,Approve
140,140,Connie Webster,Female,57,2016,Assistant professor,Computer Engineering,Conract
141,141,Charles Jackson,Female,51,2018,Associate Professor,Software Engineering,Conract
142,142,Melissa Villa,Female,47,2023,Assistant professor,Geotechnical Engineering,Conract
143,143,Eric Conway,Female,58,2016,Dean,Software Engineering,Approve
144,144,Dean Smith,Female,37,2021,Director,Electrical Engineering,Regular
145,145,James Schmidt,Female,55,2017,Assistant professor,Environmental Engineering,Conract
146,146,Francisco Sims,Female,60,2017,Lecturer,Aerospace Engineering,Conract
147,147,Cathy Fernandez,Female,56,2018,Director,Chemical Engineering,Approve
148,148,Whitney Michael,Male,44,2022,Senior Professor,Software Engineering,Conract
149,149,Michelle Davis,Male,48,2021,Research Professor,Geotechnical Engineering,Regular
150,150,William Smith,Male,35,2021,Assistant professor,Robotics and Automation,Conract
151,151,Dustin Miller,Male,52,2017,Lecturer,Mechanical Engineering,Regular
152,152,Ryan Baker,Female,60,2016,Research Professor,Robotics and Automation,Conract
153,153,Monique Fleming,Male,40,2022,Dean,Robotics and Automation,Regular
154,154,Ryan Horn,Male,52,2016,Director,Geotechnical Engineering,Conract
155,155,Sharon Mcgee,Female,48,2022,Associate Professor,Robotics and Automation,Approve
156,156,Michelle Mcfarland,Male,60,2017,Associate Professor,Robotics and Automation,Conract
157,157,Daniel Shepard,Male,60,2016,Assistant professor,Chemical Engineering,Regular
158,158,David Roberts,Male,60,2018,Dean,Chemical Engineering,Approve
159,159,Austin Mcclain,Female,60,2017,Director,Chemical Engineering,Regular
160,160,Natalie Lane,Male,51,2018,Lecturer,Computer Engineering,Approve
161,161,Kelly Elliott,Female,40,2021,Senior Professor,Mechanical Engineering,Approve
162,162,Daniel Fields,Female,60,2016,Senior Professor,Environmental Engineering,Approve
163,163,Diane Burnett,Female,55,2017,Lecturer,Electrical Engineering,Approve
164,164,Gregory Pierce,Female,42,2021,Lecturer,Data Science and Engineering,Approve
165,165,Judith Clark,Male,46,2022,Senior Professor,Aerospace Engineering,Regular
166,166,Thomas Terry,Male,53,2017,Research Professor,Data Science and Engineering,Approve
167,167,Jay Brown,Female,37,2022,Lecturer,Environmental Engineering,Approve
168,168,Michael Myers,Female,56,2016,Lecturer,Electrical Engineering,Approve
169,169,Shelby Meyer,Male,49,2023,Senior Professor,Electrical Engineering,Conract
170,170,Mr. Michael Bell,Male,50,2023,Associate Professor,Environmental Engineering,Approve
171,171,Anthony Mcbride,Female,38,2021,Senior Professor,Electrical Engineering,Approve
172,172,Anita Torres,Male,57,2018,Dean,Geotechnical Engineering,Approve
173,173,Brandon Davies,Male,42,2022,Dean,Software Engineering,Approve
174,174,Frank Thompson,Female,46,2021,Lecturer,Geotechnical Engineering,Approve
175,175,David Schroeder,Female,54,2016,Lecturer,Environmental Engineering,Regular
176,176,Elizabeth Barber,Female,46,2022,Senior Professor,Chemical Engineering,Regular
177,177,Alexander Wolfe,Female,51,2016,Director,Data Science and Engineering,Regular
178,178,Amanda Arnold,Female,43,2023,Associate Professor,Computer Engineering,Conract
179,179,Patrick Reese,Female,50,2022,Lecturer,Robotics and Automation,Approve
180,180,Breanna Love,Male,51,2018,Senior Professor,Data Science and Engineering,Conract
181,181,Megan Warner,Male,54,2018,Dean,Software Engineering,Regular
182,182,Eric Brewer Jr.,Female,48,2022,Lecturer,Data Science and Engineering,Approve
183,183,Erin Wilson,Male,40,2023,Research Professor,Data Science and Engineering,Regular
184,184,April Mckee,Female,40,2021,Research Professor,Mechanical Engineering,Regular
185,185,Christina Jones,Male,45,2022,Research Professor,Environmental Engineering,Regular
186,186,Amanda Stewart,Female,59,2018,Director,Data Science and Engineering,Conract
187,187,Natalie Coleman,Female,60,2018,Research Professor,Geotechnical Engineering,Conract
188,188,Eric Barber,Female,47,2023,Senior Professor,Civil Engineering,Conract
189,189,Felicia Richardson,Female,60,2016,Associate Professor,Data Science and Engineering,Regular
190,190,Jason Mckinney,Female,60,2016,Assistant professor,Data Science and Engineering,Regular
191,191,Tracy Robinson,Male,33,2023,Associate Professor,Electrical Engineering,Approve
192,192,Keith Davis,Male,53,2016,Lecturer,Aerospace Engineering,Conract
193,193,Miss Tiffany Edwards,Female,60,2018,Director,Data Science and Engineering,Regular
194,194,Jeffrey Russell,Male,37,2023,Dean,Computer Engineering,Regular
195,195,Carlos Park,Female,57,2018,Senior Professor,Geotechnical Engineering,Conract
196,196,Judy Hall,Male,42,2021,Research Professor,Civil Engineering,Conract
197,197,Cassandra Yu,Male,60,2017,Director,Chemical Engineering,Regular
198,198,Angela Gregory,Male,56,2017,Lecturer,Mechanical Engineering,Approve
199,199,Joshua Anderson,Male,60,2017,Senior Professor,Robotics and Automation,Regular
200,200,Jacob Sanchez,Female,60,2018,Director,Mechanical Engineering,Approve
201,201,Nicole Thomas,Female,59,2016,Lecturer,Aerospace Engineering,Regular
202,202,Jeffrey Wilson,Female,50,2023,Dean,Data Science and Engineering,Conract
203,203,Leonard Horton,Male,52,2016,Senior Professor,Geotechnical Engineering,Regular
204,204,Gregory Burton,Male,60,2018,Dean,Environmental Engineering,Approve
205,205,David Thomas,Male,58,2016,Lecturer,Mechanical Engineering,Approve
206,206,Roy Barker,Male,31,2023,Director,Environmental Engineering,Conract
207,207,Angela Martinez,Male,53,2018,Research Professor,Environmental Engineering,Regular
208,208,Allison Camacho,Female,48,2022,Senior Professor,Chemical Engineering,Approve
209,209,Gwendolyn Jensen,Male,30,2023,Senior Professor,Electrical Engineering,Approve
210,210,Isaiah Cunningham,Male,60,2017,Senior Professor,Robotics and Automation,Approve
211,211,Mark Owens Jr.,Female,50,2022,Director,Environmental Engineering,Conract
212,212,Marcia Wilkerson,Male,50,2023,Dean,Computer Engineering,Regular
213,213,Calvin Collins,Female,59,2017,Research Professor,Computer Engineering,Approve
214,214,Johnny Hall,Female,30,2021,Associate Professor,Aerospace Engineering,Regular
215,215,Jeremy Romero,Male,30,2023,Research Professor,Aerospace Engineering,Conract
216,216,Joanne Fisher,Female,57,2018,Senior Professor,Aerospace Engineering,Regular
217,217,Karen Davies,Female,51,2016,Director,Mechanical Engineering,Regular
218,218,Robert Allen,Male,60,2016,Dean,Aerospace Engineering,Regular
219,219,Christopher Roberts,Female,51,2018,Director,Data Science and Engineering,Approve
220,220,Shelley Mcgee,Female,43,2021,Dean,Software Engineering,Approve
221,221,Michael Alexander MD,Male,57,2018,Senior Professor,Electrical Engineering,Approve
222,222,Barbara Gonzalez,Male,55,2016,Dean,Mechanical Engineering,Approve
223,223,Craig Price,Female,53,2017,Dean,Geotechnical Engineering,Conract
224,224,Marissa Green,Male,58,2017,Senior Professor,Civil Engineering,Regular
225,225,Jason Edwards,Female,57,2018,Director,Robotics and Automation,Regular
226,226,Monica Green DDS,Female,47,2021,Lecturer,Civil Engineering,Conract
227,227,Mallory Berger,Female,46,2023,Lecturer,Aerospace Engineering,Conract
228,228,William Phillips,Female,55,2016,Assistant professor,Mechanical Engineering,Conract
229,229,Janet Rivera,Female,45,2022,Director,Mechanical Engineering,Regular
230,230,Vincent Morgan,Female,51,2018,Lecturer,Robotics and Automation,Approve
231,231,Jonathan Gallagher,Male,60,2017,Assistant professor,Data Science and Engineering,Approve
232,232,Daniel Mendoza,Male,48,2021,Associate Professor,Computer Engineering,Regular
233,233,Monica Wilson,Female,45,2023,Lecturer,Chemical Engineering,Conract
234,234,Cindy Curtis,Male,53,2018,Assistant professor,Robotics and Automation,Regular
235,235,Ashley Sellers,Male,56,2017,Senior Professor,Mechanical Engineering,Regular
236,236,Ashley Gomez,Male,60,2016,Lecturer,Geotechnical Engineering,Conract
237,237,Rebecca Chapman,Female,60,2017,Lecturer,Environmental Engineering,Approve
238,238,Joseph Nguyen,Female,51,2017,Director,Software Engineering,Conract
239,239,Sarah Brock,Female,60,2017,Senior Professor,Geotechnical Engineering,Approve
240,240,Maria Rodgers,Male,60,2017,Senior Professor,Computer Engineering,Conract
241,241,Holly Smith,Female,32,2021,Senior Professor,Environmental Engineering,Regular
242,242,Joshua Solis,Female,54,2018,Assistant professor,Computer Engineering,Regular
243,243,Joseph Ross,Female,60,2016,Senior Professor,Environmental Engineering,Approve
244,244,Teresa Larson,Female,58,2018,Director,Chemical Engineering,Regular
245,245,Paige Williams,Female,53,2017,Lecturer,Geotechnical Engineering,Approve
246,246,Samuel Greene,Male,45,2023,Director,Data Science and Engineering,Approve
247,247,David Gross,Female,57,2017,Research Professor,Mechanical Engineering,Approve
248,248,Shawn Gonzalez,Male,46,2021,Research Professor,Robotics and Automation,Conract
249,249,Monica Reed,Female,55,2017,Senior Professor,Computer Engineering,Approve
250,250,Kristi Erickson,Male,54,2018,Director,Environmental Engineering,Conract
251,251,Christopher Wang,Female,36,2021,Assistant professor,Computer Engineering,Approve
252,252,Luis Garner,Male,58,2017,Research Professor,Software Engineering,Conract
253,253,Amanda Johnson,Male,60,2016,Assistant professor,Robotics and Automation,Conract
254,254,Ashley Melton,Female,49,2021,Senior Professor,Robotics and Automation,Regular
255,255,Nathan Butler,Female,60,2016,Associate Professor,Electrical Engineering,Conract
256,256,Emily Shaw,Male,44,2021,Director,Computer Engineering,Regular
257,257,Jonathan Barnes,Male,60,2016,Dean,Geotechnical Engineering,Approve
258,258,Laura Smith,Female,48,2023,Assistant professor,Environmental Engineering,Regular
259,259,Micheal Garcia,Female,60,2018,Senior Professor,Software Engineering,Approve
260,260,Victoria Ali,Male,60,2017,Assistant professor,Geotechnical Engineering,Conract
261,261,Jenna Perry DVM,Female,52,2017,Dean,Aerospace Engineering,Conract
262,262,Richard Johnson,Male,38,2022,Assistant professor,Environmental Engineering,Conract
263,263,Cynthia Gallagher,Female,48,2021,Associate Professor,Software Engineering,Regular
264,264,Joshua Cooper,Female,60,2018,Senior Professor,Mechanical Engineering,Conract
265,265,Elizabeth Shelton,Female,56,2016,Dean,Mechanical Engineering,Regular
266,266,Joshua Hall,Female,51,2018,Associate Professor,Environmental Engineering,Approve
267,267,Joseph Watkins,Female,60,2016,Associate Professor,Electrical Engineering,Conract
268,268,Marcus Jackson,Female,56,2016,Associate Professor,Data Science and Engineering,Conract
269,269,Shelly Smith,Male,52,2018,Dean,Chemical Engineering,Regular
270,270,Scott Flores,Male,48,2021,Lecturer,Environmental Engineering,Approve
271,271,Emily Payne,Male,60,2018,Lecturer,Computer Engineering,Regular
272,272,Emily Miles,Female,42,2022,Lecturer,Robotics and Automation,Conract
273,273,Jenny Warner,Female,60,2016,Assistant professor,Environmental Engineering,Approve
274,274,Aaron Weaver,Male,51,2018,Director,Geotechnical Engineering,Approve
275,275,Dr. Craig Baldwin DDS,Female,49,2022,Senior Professor,Software Engineering,Conract
276,276,Jasmine Peters,Female,53,2018,Director,Robotics and Automation,Conract
277,277,Carrie Green,Female,44,2023,Dean,Aerospace Engineering,Conract
278,278,Timothy Williams,Male,60,2016,Director,Computer Engineering,Approve
279,279,Lisa Hartman,Female,58,2016,Associate Professor,Chemical Engineering,Regular
280,280,Natalie Ibarra,Male,60,2018,Director,Electrical Engineering,Regular
281,281,Donna Daniels,Male,48,2022,Associate Professor,Geotechnical Engineering,Regular
282,282,Leslie Phillips,Male,54,2017,Associate Professor,Aerospace Engineering,Regular
283,283,Vincent Ortiz,Male,39,2022,Lecturer,Computer Engineering,Regular
284,284,Anthony Fleming,Female,53,2017,Associate Professor,Data Science and Engineering,Conract
285,285,Ms. Debra Wilkerson,Male,51,2016,Director,Data Science and Engineering,Conract
286,286,Steven Williams,Female,60,2018,Assistant professor,Software Engineering,Approve
287,287,Theresa Bradford,Female,60,2016,Associate Professor,Aerospace Engineering,Conract
288,288,Linda Wheeler,Male,30,2021,Research Professor,Environmental Engineering,Approve
289,289,Curtis Cook,Female,53,2017,Assistant professor,Robotics and Automation,Regular
290,290,Sara Tran,Female,60,2017,Associate Professor,Robotics and Automation,Regular
291,291,Brian Owens,Male,34,2022,Assistant professor,Computer Engineering,Approve
292,292,Kelly Cook,Female,30,2023,Research Professor,Software Engineering,Approve
293,293,Whitney Perez,Female,53,2017,Lecturer,Robotics and Automation,Conract
294,294,Brian Grant,Female,47,2021,Senior Professor,Robotics and Automation,Conract
295,295,Patrick Weaver,Female,52,2018,Associate Professor,Chemical Engineering,Regular
296,296,Tina Williams,Female,53,2016,Lecturer,Computer Engineering,Approve
297,297,Tyler Berry,Female,54,2016,Associate Professor,Electrical Engineering,Conract
298,298,Jennifer Hampton,Male,51,2016,Research Professor,Computer Engineering,Conract
299,299,Sara Howard,Male,34,2022,Director,Robotics and Automation,Regular
300,300,Ryan Brooks,Male,54,2017,Assistant professor,Robotics and Automation,Conract
301,301,Sarah Ball,Male,60,2018,Associate Professor,Chemical Engineering,Regular
302,302,Jesse Brooks,Female,60,2017,Lecturer,Chemical Engineering,Regular
303,303,Nicole Jackson,Female,60,2018,Dean,Electrical Engineering,Conract
304,304,Patricia Jones,Male,60,2017,Lecturer,Software Engineering,Conract
305,305,Joseph Martinez,Male,36,2023,Associate Professor,Data Science and Engineering,Conract
306,306,Marc Marks,Male,60,2017,Senior Professor,Computer Engineering,Regular
307,307,Michael Fox,Female,60,2018,Research Professor,Electrical Engineering,Conract
308,308,Brenda Rocha,Male,53,2016,Assistant professor,Chemical Engineering,Approve
309,309,Hannah Mitchell,Female,58,2017,Dean,Aerospace Engineering,Regular
310,310,Howard Farrell,Male,55,2018,Assistant professor,Mechanical Engineering,Conract
311,311,Kyle Hubbard,Female,35,2021,Assistant professor,Environmental Engineering,Regular
312,312,April Davidson,Male,43,2023,Dean,Civil Engineering,Approve
313,313,Joshua Miller,Female,60,2017,Director,Civil Engineering,Approve
314,314,Jessica Smith,Female,49,2022,Lecturer,Geotechnical Engineering,Approve
315,315,Justin Allen,Female,60,2016,Senior Professor,Mechanical Engineering,Approve
316,316,Darrell Reynolds,Male,59,2017,Lecturer,Computer Engineering,Regular
317,317,Sherri Schneider,Male,33,2023,Director,Computer Engineering,Approve
318,318,Amy Perez,Female,60,2017,Assistant professor,Software Engineering,Conract
319,319,Deborah Lyons,Male,46,2023,Dean,Electrical Engineering,Conract
320,320,Rodney Brown,Female,39,2022,Senior Professor,Chemical Engineering,Regular
321,321,Katherine Franco,Female,57,2016,Lecturer,Mechanical Engineering,Conract
322,322,Amy Zimmerman,Male,60,2016,Director,Robotics and Automation,Regular
323,323,Carrie Castro,Female,41,2023,Associate Professor,Geotechnical Engineering,Conract
324,324,Nicole Hicks,Male,46,2021,Lecturer,Geotechnical Engineering,Approve
325,325,Deborah Morgan,Female,41,2023,Assistant professor,Geotechnical Engineering,Regular
326,326,Rebecca Barnes,Male,46,2022,Research Professor,Chemical Engineering,Approve
327,327,Sarah Brown,Female,56,2018,Research Professor,Robotics and Automation,Regular
328,328,John Fischer,Male,44,2023,Senior Professor,Computer Engineering,Conract
329,329,Dr. Marie King MD,Female,52,2016,Lecturer,Chemical Engineering,Regular
330,330,John Acevedo,Female,55,2017,Director,Aerospace Engineering,Approve
331,331,Krystal Allen,Male,43,2022,Lecturer,Environmental Engineering,Approve
332,332,Danny Ali,Female,60,2018,Research Professor,Software Engineering,Regular
333,333,Calvin Jarvis,Female,51,2017,Lecturer,Robotics and Automation,Approve
334,334,Daniel Ross,Female,34,2021,Associate Professor,Robotics and Automation,Conract
335,335,Phillip Wright,Male,55,2017,Senior Professor,Mechanical Engineering,Regular
336,336,Regina Dunlap,Male,58,2017,Director,Electrical Engineering,Regular
337,337,Joseph Cooper,Male,60,2018,Associate Professor,Mechanical Engineering,Conract
338,338,Nicholas Small,Female,60,2016,Assistant professor,Geotechnical Engineering,Regular
339,339,William Bernard,Female,60,2016,Associate Professor,Environmental Engineering,Approve
340,340,Kelly Morgan,Male,56,2018,Associate Professor,Geotechnical Engineering,Regular
341,341,Ariel Gibbs,Male,50,2023,Dean,Aerospace Engineering,Regular
342,342,Deborah Gutierrez,Female,56,2018,Senior Professor,Civil Engineering,Approve
343,343,Eric Fitzgerald,Male,38,2021,Senior Professor,Geotechnical Engineering,Conract
344,344,Barry Dean,Female,46,2023,Lecturer,Mechanical Engineering,Conract
345,345,John Bishop,Female,60,2018,Director,Geotechnical Engineering,Conract
346,346,Brad Torres,Male,58,2016,Associate Professor,Software Engineering,Approve
347,347,Edward Davis,Male,60,2016,Assistant professor,Robotics and Automation,Regular
348,348,Francisco Potter,Female,60,2016,Lecturer,Electrical Engineering,Approve
349,349,Tiffany Baker,Female,60,2018,Lecturer,Electrical Engineering,Approve
350,350,Lauren Maldonado,Male,49,2022,Assistant professor,Mechanical Engineering,Regular
351,351,Travis Montes,Male,41,2022,Lecturer,Data Science and Engineering,Conract
352,352,Carl Harrison,Male,50,2022,Dean,Civil Engineering,Conract
353,353,Taylor Johnson,Female,59,2016,Senior Professor,Chemical Engineering,Approve
354,354,Logan Jones,Female,43,2023,Lecturer,Data Science and Engineering,Conract
355,355,Jason Watson,Male,60,2018,Associate Professor,Chemical Engineering,Regular
356,356,Mike Glenn,Female,47,2021,Director,Civil Engineering,Conract
357,357,Michele Vaughn,Male,46,2021,Assistant professor,Software Engineering,Regular
358,358,Bruce Hawkins,Female,45,2023,Assistant professor,Software Engineering,Regular
359,359,Mr. Robert Wong,Female,41,2023,Lecturer,Mechanical Engineering,Approve
360,360,Matthew Mayer,Male,60,2016,Dean,Civil Engineering,Conract
361,361,Carla Johnson,Female,60,2018,Research Professor,Electrical Engineering,Approve
362,362,Billy Peck,Female,57,2017,Associate Professor,Robotics and Automation,Regular
363,363,Janice Miller,Male,50,2022,Senior Professor,Software Engineering,Approve
364,364,April Moore,Female,52,2017,Director,Electrical Engineering,Regular
365,365,Elizabeth Evans,Female,48,2023,Director,Robotics and Automation,Approve
366,366,Katrina Frederick,Male,60,2016,Senior Professor,Civil Engineering,Approve
367,367,Morgan Moore,Male,48,2022,Associate Professor,Computer Engineering,Conract
368,368,Brian Chang,Female,46,2021,Associate Professor,Environmental Engineering,Conract
369,369,Amanda Baker,Female,60,2018,Director,Chemical Engineering,Conract
370,370,Patrick Fuentes,Female,60,2016,Assistant professor,Civil Engineering,Approve
371,371,Tina Rose,Male,54,2018,Senior Professor,Data Science and Engineering,Conract
372,372,Nicholas Brown,Female,59,2018,Lecturer,Civil Engineering,Approve
373,373,Danielle Miller,Male,37,2023,Assistant professor,Chemical Engineering,Regular
374,374,Robert Sanchez,Female,46,2023,Director,Software Engineering,Regular
375,375,Michael Woodard,Female,60,2017,Senior Professor,Geotechnical Engineering,Conract
376,376,Lindsey Hart,Female,45,2022,Assistant professor,Robotics and Automation,Conract
377,377,Laura Lindsey,Male,47,2023,Director,Robotics and Automation,Conract
378,378,Kyle Patterson,Male,55,2016,Research Professor,Aerospace Engineering,Conract
379,379,Kimberly Cummings,Male,45,2022,Lecturer,Mechanical Engineering,Approve
380,380,Thomas Mercer,Female,60,2018,Dean,Environmental Engineering,Regular
381,381,Randall Flores,Female,60,2016,Dean,Robotics and Automation,Approve
382,382,Dawn Davis,Male,60,2016,Senior Professor,Robotics and Automation,Regular
383,383,Mark Jones,Female,38,2023,Associate Professor,Environmental Engineering,Approve
384,384,Noah Green,Male,53,2017,Lecturer,Mechanical Engineering,Regular
385,385,Jamie Frey,Female,51,2016,Senior Professor,Electrical Engineering,Conract
386,386,Natalie Ford,Male,58,2017,Associate Professor,Aerospace Engineering,Regular
387,387,Miguel Jackson MD,Female,34,2022,Lecturer,Chemical Engineering,Approve
388,388,Kimberly Thomas,Female,42,2021,Senior Professor,Civil Engineering,Approve
389,389,Glenn Boyer,Female,57,2017,Assistant professor,Civil Engineering,Approve
390,390,Michael Butler V,Male,53,2016,Senior Professor,Geotechnical Engineering,Regular
391,391,Tyler Adams,Male,54,2017,Assistant professor,Computer Engineering,Regular
392,392,Gregory Lee,Male,60,2017,Dean,Aerospace Engineering,Regular
393,393,Rebecca Parker,Female,60,2017,Research Professor,Chemical Engineering,Regular
394,394,Phillip Fields,Male,57,2018,Director,Environmental Engineering,Conract
395,395,Lisa Hansen,Female,51,2018,Assistant professor,Software Engineering,Approve
396,396,Stephanie Thomas,Female,47,2022,Director,Aerospace Engineering,Regular
397,397,Mark Hicks,Male,50,2021,Lecturer,Robotics and Automation,Regular
398,398,Sarah Ruiz,Female,48,2023,Assistant professor,Computer Engineering,Conract
399,399,Daniel Benson,Male,49,2023,Research Professor,Aerospace Engineering,Regular
400,400,Brenda Owens,Male,60,2018,Dean,Electrical Engineering,Approve
401,401,Penny Hernandez,Male,55,2017,Director,Civil Engineering,Conract
402,402,Jason Cooper,Female,49,2023,Lecturer,Chemical Engineering,Regular
403,403,Jonathan Valenzuela,Female,44,2023,Lecturer,Aerospace Engineering,Regular
404,404,Michael Williams,Female,55,2016,Director,Robotics and Automation,Approve
405,405,Jenna Wilcox,Male,54,2018,Dean,Environmental Engineering,Conract
406,406,Matthew Gonzalez,Male,55,2017,Senior Professor,Mechanical Engineering,Approve
407,407,Tamara Gutierrez,Female,42,2022,Research Professor,Geotechnical Engineering,Regular
408,408,Heather Leonard,Male,59,2018,Assistant professor,Aerospace Engineering,Regular
409,409,Nicholas Cross,Male,60,2016,Dean,Aerospace Engineering,Conract
410,410,Mark Chavez,Female,55,2016,Director,Mechanical Engineering,Approve
411,411,Brenda Wagner,Male,47,2023,Dean,Software Engineering,Regular
412,412,Derrick Tate MD,Male,57,2016,Associate Professor,Environmental Engineering,Regular
413,413,Ann Cooper,Male,60,2017,Director,Software Engineering,Regular
414,414,Dale Mercer,Male,50,2023,Assistant professor,Software Engineering,Regular
415,415,Larry Swanson,Male,54,2018,Senior Professor,Robotics and Automation,Approve
416,416,Daryl Gill,Female,57,2016,Director,Mechanical Engineering,Regular
417,417,Jose Acevedo,Female,50,2023,Associate Professor,Software Engineering,Conract
418,418,Kaitlyn Jordan,Male,44,2023,Lecturer,Civil Engineering,Approve
419,419,Jesus Campos,Female,60,2017,Senior Professor,Software Engineering,Conract
420,420,Tiffany Baldwin,Female,37,2023,Assistant professor,Civil Engineering,Regular
421,421,Jennifer Marsh,Female,56,2017,Lecturer,Chemical Engineering,Regular
422,422,Katie Smith,Female,57,2016,Senior Professor,Robotics and Automation,Regular
423,423,Calvin Parrish,Female,51,2018,Dean,Aerospace Engineering,Approve
424,424,Kenneth Byrd,Male,57,2018,Assistant professor,Mechanical Engineering,Regular
425,425,Kelli Larson,Female,50,2022,Dean,Civil Engineering,Approve
426,426,Justin Hernandez,Female,58,2016,Senior Professor,Computer Engineering,Conract
427,427,John Wood,Male,55,2017,Dean,Aerospace Engineering,Approve
428,428,Craig Payne,Female,48,2023,Senior Professor,Electrical Engineering,Regular
429,429,Cassandra Green,Male,46,2022,Dean,Civil Engineering,Approve
430,430,Kayla Johnson,Female,46,2022,Director,Chemical Engineering,Conract
431,431,Lauren Barry,Male,43,2021,Assistant professor,Aerospace Engineering,Approve
432,432,Jacob Gross,Female,59,2017,Senior Professor,Civil Engineering,Approve
433,433,Sarah Ward,Male,55,2017,Senior Professor,Software Engineering,Conract
434,434,David Williams,Male,58,2018,Lecturer,Aerospace Engineering,Conract
435,435,Patrick Jones,Male,37,2023,Dean,Civil Engineering,Regular
436,436,Brian Brown,Male,60,2016,Research Professor,Software Engineering,Approve
437,437,Jason Smith,Female,60,2018,Associate Professor,Aerospace Engineering,Regular
438,438,James Thomas,Male,55,2018,Associate Professor,Robotics and Automation,Approve
439,439,Michael Miles,Male,49,2021,Director,Software Engineering,Regular
440,440,Michael Kennedy,Male,48,2021,Assistant professor,Chemical Engineering,Conract
441,441,Douglas Scott,Female,40,2023,Assistant professor,Chemical Engineering,Regular
442,442,Richard Glass,Female,38,2021,Associate Professor,Geotechnical Engineering,Approve
443,443,Jasmine Nelson,Female,60,2018,Associate Professor,Data Science and Engineering,Conract
444,444,Kimberly Roberson,Female,60,2018,Senior Professor,Environmental Engineering,Conract
445,445,Rachel Green,Male,59,2017,Senior Professor,Computer Engineering,Conract
446,446,Luke Hopkins,Male,44,2022,Research Professor,Computer Engineering,Regular
447,447,Timothy Sullivan,Male,59,2016,Associate Professor,Computer Engineering,Conract
448,448,Tyler Williams,Male,55,2018,Dean,Electrical Engineering,Conract
449,449,Gary Salazar,Male,60,2016,Senior Professor,Mechanical Engineering,Approve
450,450,Miranda King,Female,60,2017,Associate Professor,Robotics and Automation,Regular
451,451,Richard Nicholson,Female,40,2023,Research Professor,Robotics and Automation,Conract
452,452,Breanna Garcia,Female,55,2016,Associate Professor,Mechanical Engineering,Regular
453,453,Kristen Gomez,Male,60,2017,Research Professor,Electrical Engineering,Conract
454,454,Kyle Allen,Female,55,2016,Director,Environmental Engineering,Approve
455,455,Gina Thompson,Male,39,2023,Lecturer,Aerospace Engineering,Conract
456,456,Christopher Schaefer,Female,47,2022,Director,Civil Engineering,Regular
457,457,Matthew Williamson,Female,37,2023,Dean,Aerospace Engineering,Regular
458,458,Connie Garcia,Male,46,2022,Senior Professor,Environmental Engineering,Regular
459,459,Jessica Dean,Male,60,2017,Assistant professor,Environmental Engineering,Approve
460,460,Danny Miller,Male,52,2016,Associate Professor,Geotechnical Engineering,Regular
461,461,Janet Owens,Male,56,2018,Senior Professor,Computer Engineering,Regular
462,462,Christian Miller,Male,60,2018,Senior Professor,Mechanical Engineering,Conract
463,463,David Anderson,Female,60,2017,Research Professor,Computer Engineering,Regular
464,464,Kerry Wiggins,Male,46,2023,Director,Electrical Engineering,Approve
465,465,Michael Page,Male,43,2023,Dean,Computer Engineering,Regular
466,466,Clarence Johnson PhD,Female,52,2018,Dean,Environmental Engineering,Regular
467,467,Wesley Norman,Male,44,2023,Associate Professor,Computer Engineering,Conract
468,468,Kirk Mathis,Female,50,2021,Director,Civil Engineering,Conract
469,469,Carl Holland,Male,43,2021,Lecturer,Environmental Engineering,Approve
470,470,Virginia Alexander,Female,46,2022,Dean,Electrical Engineering,Regular
471,471,Sarah Murray,Male,45,2021,Associate Professor,Aerospace Engineering,Regular
472,472,Tammy Baker,Female,60,2016,Director,Chemical Engineering,Regular
473,473,Donna Dunn,Female,56,2018,Director,Computer Engineering,Approve
474,474,Andre Nguyen,Female,60,2018,Lecturer,Environmental Engineering,Conract
475,475,Brian Callahan,Male,45,2021,Dean,Geotechnical Engineering,Regular
476,476,Sheri Reynolds,Female,43,2021,Senior Professor,Software Engineering,Conract
477,477,Nancy Murphy,Female,47,2022,Assistant professor,Robotics and Automation,Approve
478,478,James Nguyen,Female,60,2017,Lecturer,Chemical Engineering,Regular
479,479,Allison Miller,Female,42,2022,Lecturer,Robotics and Automation,Conract
480,480,Richard Allison,Female,60,2017,Dean,Mechanical Engineering,Conract
481,481,Patrick Hansen,Male,60,2018,Director,Electrical Engineering,Regular
482,482,Jennifer Williams,Female,59,2017,Research Professor,Electrical Engineering,Approve
483,483,Kristen Price,Female,56,2016,Senior Professor,Chemical Engineering,Approve
484,484,Lisa Prince,Female,48,2023,Associate Professor,Software Engineering,Regular
485,485,Jasmine Ferguson,Male,45,2022,Assistant professor,Software Engineering,Conract
486,486,Justin Hobbs,Male,60,2016,Dean,Geotechnical Engineering,Regular
487,487,Scott Frye,Female,47,2022,Assistant professor,Computer Engineering,Approve
488,488,Matthew Wolfe,Female,40,2022,Associate Professor,Aerospace Engineering,Approve
489,489,Dustin Boyd,Male,57,2016,Dean,Geotechnical Engineering,Conract
490,490,Dr. Alejandra Smith,Female,49,2021,Senior Professor,Geotechnical Engineering,Approve
491,491,Tina Kerr,Female,58,2017,Director,Environmental Engineering,Conract
492,492,Scott Smith,Female,50,2023,Senior Professor,Software Engineering,Regular
493,493,Amanda Hernandez,Male,56,2016,Director,Software Engineering,Conract
494,494,Mr. Richard Glover,Male,51,2017,Research Professor,Geotechnical Engineering,Approve
495,495,James Ramos,Female,60,2016,Senior Professor,Environmental Engineering,Conract
496,496,Randy Martinez,Female,53,2018,Assistant professor,Civil Engineering,Regular
497,497,Faith Clark,Male,60,2017,Lecturer,Environmental Engineering,Approve
498,498,Thomas Hunter,Female,60,2016,Assistant professor,Environmental Engineering,Conract
499,499,Bobby Mcmillan,Male,51,2017,Dean,Computer Engineering,Approve
500,500,Erik Jackson,Male,48,2022,Assistant professor,Robotics and Automation,Conract
501,501,John Hanson,Male,58,2017,Senior Professor,Geotechnical Engineering,Regular
502,502,Suzanne Pace,Male,40,2021,Research Professor,Computer Engineering,Conract
503,503,Richard Murray,Female,60,2016,Associate Professor,Software Engineering,Approve
504,504,Joseph Brown,Female,60,2018,Director,Environmental Engineering,Approve
505,505,Mark Reed,Male,58,2016,Assistant professor,Data Science and Engineering,Approve
506,506,Alexandra Long,Female,32,2022,Associate Professor,Data Science and Engineering,Regular
507,507,Todd Rogers,Female,43,2021,Director,Mechanical Engineering,Regular
508,508,Janet Watkins,Female,49,2021,Senior Professor,Geotechnical Engineering,Approve
509,509,David Keller,Female,37,2022,Senior Professor,Data Science and Engineering,Conract
510,510,Casey Lawrence,Male,50,2023,Dean,Mechanical Engineering,Regular
511,511,Madison Evans,Female,60,2016,Research Professor,Civil Engineering,Conract
512,512,Nicole Johnson,Female,43,2021,Associate Professor,Civil Engineering,Conract
513,513,Ashley Hernandez,Female,60,2017,Assistant professor,Aerospace Engineering,Conract
514,514,Brandy Morris,Male,31,2023,Associate Professor,Civil Engineering,Conract
515,515,Jimmy Robles,Male,51,2018,Lecturer,Computer Engineering,Approve
516,516,James Garcia,Male,42,2023,Dean,Chemical Engineering,Conract
517,517,Joseph Gordon DDS,Female,60,2016,Director,Geotechnical Engineering,Regular
518,518,Pamela Gonzalez,Male,60,2016,Research Professor,Computer Engineering,Approve
519,519,Michelle Murray,Female,43,2022,Dean,Civil Engineering,Approve
520,520,Andrew Cross,Male,48,2022,Assistant professor,Environmental Engineering,Approve
521,521,Michael Shaw,Female,45,2021,Research Professor,Computer Engineering,Regular
522,522,Katherine Mcintosh,Male,51,2017,Senior Professor,Robotics and Automation,Approve
523,523,Michelle Watkins,Female,60,2016,Senior Professor,Chemical Engineering,Approve
524,524,Luis Morales,Male,47,2021,Assistant professor,Software Engineering,Conract
525,525,James Lee,Female,49,2023,Associate Professor,Aerospace Engineering,Approve
526,526,Philip Fisher Jr.,Male,44,2021,Dean,Robotics and Automation,Approve
527,527,Philip Holder,Male,55,2016,Research Professor,Aerospace Engineering,Approve
528,528,Jennifer Cole,Female,53,2018,Assistant professor,Geotechnical Engineering,Approve
529,529,Mr. Jeffery Garcia IV,Female,48,2022,Associate Professor,Software Engineering,Regular
530,530,Hannah Turner,Female,60,2016,Director,Electrical Engineering,Regular
531,531,Derrick Patterson,Male,60,2017,Dean,Chemical Engineering,Regular
532,532,Timothy Miller,Male,60,2017,Senior Professor,Software Engineering,Conract
533,533,Linda Clark,Male,49,2023,Director,Data Science and Engineering,Conract
534,534,Dwayne Collins,Male,56,2017,Associate Professor,Mechanical Engineering,Approve
535,535,Jared Malone,Female,50,2023,Director,Electrical Engineering,Conract
536,536,Michelle Jones,Female,60,2016,Lecturer,Electrical Engineering,Conract
537,537,Douglas Davis,Male,51,2016,Assistant professor,Geotechnical Engineering,Regular
538,538,Elizabeth Good,Male,60,2018,Assistant professor,Aerospace Engineering,Approve
539,539,Jeremy Richardson,Male,53,2018,Lecturer,Environmental Engineering,Conract
540,540,Jeremiah Clements,Female,57,2018,Senior Professor,Data Science and Engineering,Approve
541,541,David Bauer,Male,41,2021,Dean,Civil Engineering,Conract
542,542,James Chan,Female,60,2018,Dean,Mechanical Engineering,Conract
543,543,Melinda Griffin,Female,42,2023,Lecturer,Electrical Engineering,Conract
544,544,Bill Bryant,Male,60,2017,Research Professor,Chemical Engineering,Conract
545,545,Timothy Rush,Male,60,2017,Lecturer,Robotics and Automation,Approve
546,546,Kaitlin Miller,Male,51,2018,Research Professor,Software Engineering,Conract
547,547,Mario Rogers,Male,54,2018,Lecturer,Robotics and Automation,Conract
548,548,Danielle Banks,Female,56,2016,Research Professor,Geotechnical Engineering,Conract
549,549,Jennifer Foster,Male,60,2016,Senior Professor,Geotechnical Engineering,Regular
550,550,Anna Martinez,Male,53,2018,Senior Professor,Chemical Engineering,Approve
551,551,Stacey Jones,Male,44,2023,Lecturer,Computer Engineering,Regular
552,552,Ann Foley,Male,48,2021,Lecturer,Computer Engineering,Approve
553,553,Karen Stewart,Male,49,2023,Associate Professor,Robotics and Automation,Approve
554,554,Mary Blair,Female,60,2017,Associate Professor,Chemical Engineering,Regular
555,555,David Martin,Female,32,2023,Lecturer,Electrical Engineering,Regular
556,556,Michelle Ward,Male,40,2021,Dean,Aerospace Engineering,Conract
557,557,Darryl Strong,Female,36,2023,Lecturer,Civil Engineering,Conract
558,558,William King,Female,48,2022,Lecturer,Computer Engineering,Regular
559,559,Jake Herring,Male,55,2016,Dean,Robotics and Automation,Conract
560,560,Amy Stewart,Male,43,2021,Senior Professor,Civil Engineering,Regular
561,561,Ryan Cook,Male,55,2017,Lecturer,Environmental Engineering,Regular
562,562,Kristen Russell,Male,47,2023,Research Professor,Aerospace Engineering,Conract
563,563,Ricky Robertson,Male,47,2023,Assistant professor,Electrical Engineering,Conract
564,564,Margaret Haney,Male,60,2016,Senior Professor,Geotechnical Engineering,Approve
565,565,Amanda Thompson,Male,48,2021,Lecturer,Computer Engineering,Approve
566,566,Trevor Jenkins,Female,46,2021,Dean,Mechanical Engineering,Conract
567,567,Joseph Lawrence,Male,52,2016,Director,Data Science and Engineering,Regular
568,568,Kayla Miller,Female,60,2016,Lecturer,Robotics and Automation,Regular
569,569,James Cowan,Male,60,2016,Lecturer,Data Science and Engineering,Approve
570,570,Joseph Johnson,Male,60,2017,Director,Environmental Engineering,Approve
571,571,Angela Jacobs,Male,49,2021,Senior Professor,Software Engineering,Regular
572,572,Rebecca Osborn,Female,59,2018,Associate Professor,Geotechnical Engineering,Conract
573,573,Joseph Stafford,Male,60,2016,Senior Professor,Robotics and Automation,Conract
574,574,Tracy Cooper,Female,60,2016,Director,Environmental Engineering,Regular
575,575,Patrick Dorsey,Female,44,2021,Director,Mechanical Engineering,Regular
576,576,Gary Gutierrez,Female,41,2022,Associate Professor,Chemical Engineering,Regular
577,577,Michael Rivera,Male,54,2016,Research Professor,Software Engineering,Conract
578,578,Johnny Miller,Male,42,2022,Senior Professor,Environmental Engineering,Approve
579,579,Henry Allen,Male,54,2018,Research Professor,Robotics and Automation,Regular
580,580,Nicholas Hobbs,Female,49,2021,Lecturer,Chemical Engineering,Regular
581,581,Selena Newman,Female,30,2021,Associate Professor,Environmental Engineering,Approve
582,582,Joyce Hunter,Female,60,2016,Assistant professor,Software Engineering,Approve
583,583,Jonathan Martin,Female,39,2021,Associate Professor,Chemical Engineering,Conract
584,584,Erik Guzman,Female,45,2022,Assistant professor,Mechanical Engineering,Approve
585,585,Emily Mccormick,Male,42,2021,Research Professor,Mechanical Engineering,Regular
586,586,Debbie Lucas,Male,40,2022,Lecturer,Chemical Engineering,Conract
587,587,Jessica Moore,Male,53,2017,Associate Professor,Geotechnical Engineering,Approve
588,588,Brent Reid,Male,45,2023,Assistant professor,Environmental Engineering,Approve
589,589,Richard Jones,Male,52,2017,Director,Mechanical Engineering,Conract
590,590,Andre Moore,Male,60,2016,Director,Robotics and Automation,Approve
591,591,Sydney Walton,Female,60,2016,Director,Geotechnical Engineering,Regular
592,592,Christopher Holt,Female,58,2016,Research Professor,Electrical Engineering,Conract
593,593,Jasmin Shah,Female,58,2016,Research Professor,Chemical Engineering,Regular
594,594,Evelyn Smith,Female,60,2016,Lecturer,Computer Engineering,Conract
595,595,Ashley West,Male,48,2021,Director,Environmental Engineering,Approve
596,596,Mitchell Dominguez,Female,52,2018,Associate Professor,Mechanical Engineering,Approve
597,597,Susan Weaver,Male,51,2017,Dean,Data Science and Engineering,Regular
598,598,Jennifer Riley,Male,57,2016,Dean,Robotics and Automation,Regular
599,599,Kristin Hall,Male,50,2022,Assistant professor,Civil Engineering,Regular
600,600,Nichole Miller,Male,39,2021,Lecturer,Civil Engineering,Regular
601,601,Jason Gonzalez,Female,41,2023,Associate Professor,Environmental Engineering,Conract
602,602,Dr. Ruth Richardson MD,Male,47,2023,Assistant professor,Robotics and Automation,Regular
603,603,Michael Mitchell,Female,46,2023,Senior Professor,Chemical Engineering,Approve
604,604,Mr. Justin Harris PhD,Female,47,2023,Dean,Data Science and Engineering,Conract
605,605,Alan Foster,Male,42,2021,Dean,Chemical Engineering,Regular
606,606,Julie Anderson,Female,47,2022,Associate Professor,Data Science and Engineering,Approve
607,607,Robert Price III,Female,43,2022,Director,Civil Engineering,Approve
608,608,Deborah Yoder,Female,54,2017,Dean,Data Science and Engineering,Conract
609,609,Hailey West,Female,60,2018,Director,Civil Engineering,Regular
610,610,Mary Miller,Male,53,2018,Research Professor,Electrical Engineering,Conract
611,611,Travis Simmons,Female,60,2016,Senior Professor,Software Engineering,Approve
612,612,James Bonilla II,Male,49,2021,Lecturer,Electrical Engineering,Conract
613,613,Ryan Tucker,Male,51,2017,Senior Professor,Mechanical Engineering,Regular
614,614,Louis Luna,Female,57,2017,Dean,Mechanical Engineering,Conract
615,615,Andrew Daniels,Female,56,2016,Assistant professor,Computer Engineering,Conract
616,616,Donald Greene,Female,42,2022,Director,Geotechnical Engineering,Regular
617,617,Joseph Lambert,Female,60,2016,Senior Professor,Software Engineering,Regular
618,618,Hayley Richards,Male,48,2022,Assistant professor,Chemical Engineering,Conract
619,619,Kelli Francis,Male,53,2016,Research Professor,Civil Engineering,Conract
620,620,Stephanie Day,Male,53,2017,Dean,Computer Engineering,Regular
621,621,Elizabeth Kemp,Female,52,2018,Director,Data Science and Engineering,Regular
622,622,James Mays,Male,56,2016,Dean,Geotechnical Engineering,Conract
623,623,Logan Ritter,Male,60,2017,Research Professor,Software Engineering,Approve
624,624,Edward Sheppard,Male,60,2016,Lecturer,Data Science and Engineering,Regular
625,625,Jesse Horne,Female,41,2023,Associate Professor,Mechanical Engineering,Conract
626,626,Ian Snyder,Male,52,2017,Director,Data Science and Engineering,Regular
627,627,Jay Brewer,Male,43,2022,Research Professor,Chemical Engineering,Approve
628,628,Lisa Clements,Female,51,2018,Lecturer,Computer Engineering,Conract
629,629,Kimberly Anderson,Male,56,2018,Assistant professor,Civil Engineering,Regular
630,630,Jennifer Mccarty,Male,44,2023,Research Professor,Software Engineering,Conract
631,631,Sara Sanders,Male,58,2016,Assistant professor,Chemical Engineering,Approve
632,632,Maria Duncan,Female,36,2023,Lecturer,Environmental Engineering,Regular
633,633,Matthew Rodriguez,Female,54,2017,Assistant professor,Geotechnical Engineering,Approve
634,634,Kimberly Watkins,Male,33,2021,Senior Professor,Electrical Engineering,Conract
635,635,Cindy Wilson,Female,45,2022,Associate Professor,Software Engineering,Approve
636,636,Daniel Daugherty,Male,60,2017,Senior Professor,Data Science and Engineering,Regular
637,637,Joseph Wagner,Male,39,2022,Lecturer,Computer Engineering,Regular
638,638,Zachary Harris,Male,60,2016,Research Professor,Software Engineering,Approve
639,639,Tyler Smith,Female,57,2016,Senior Professor,Robotics and Automation,Conract
640,640,Ashley White,Female,54,2018,Associate Professor,Data Science and Engineering,Conract
641,641,Jasmine Harrell,Female,58,2018,Associate Professor,Robotics and Automation,Regular
642,642,Rachel Leonard,Female,59,2017,Dean,Civil Engineering,Regular
643,643,Robert Lang,Female,55,2017,Lecturer,Computer Engineering,Conract
644,644,Jonathan Hamilton,Male,40,2021,Assistant professor,Computer Engineering,Approve
645,645,Jordan Shields,Female,33,2021,Associate Professor,Robotics and Automation,Conract
646,646,Aaron Whitehead,Male,45,2023,Senior Professor,Aerospace Engineering,Conract
647,647,Mary Barnes,Male,56,2018,Associate Professor,Chemical Engineering,Approve
648,648,Mrs. Donna Mccormick,Female,44,2023,Associate Professor,Software Engineering,Conract
649,649,Heather Wade,Male,43,2022,Senior Professor,Software Engineering,Conract
650,650,Jennifer Jensen,Female,53,2017,Lecturer,Environmental Engineering,Conract
651,651,Eric Woodward,Female,48,2022,Senior Professor,Computer Engineering,Conract
652,652,Amy Young,Female,60,2016,Associate Professor,Robotics and Automation,Approve
653,653,Joseph Whitehead,Male,60,2018,Senior Professor,Software Engineering,Regular
654,654,Kelli Luna,Male,54,2017,Dean,Aerospace Engineering,Approve
655,655,Alex Cantu,Female,42,2021,Dean,Robotics and Automation,Approve
656,656,Charles Miles,Male,47,2021,Research Professor,Civil Engineering,Approve
657,657,Elizabeth Tucker,Male,35,2021,Associate Professor,Robotics and Automation,Regular
658,658,Teresa Munoz,Male,47,2021,Director,Mechanical Engineering,Approve
659,659,Kenneth Anderson,Male,48,2021,Dean,Robotics and Automation,Approve
660,660,James Wilson,Male,57,2018,Lecturer,Mechanical Engineering,Conract
661,661,Samuel Walton,Male,47,2023,Assistant professor,Environmental Engineering,Conract
662,662,Mary Jenkins,Male,58,2018,Assistant professor,Data Science and Engineering,Conract
663,663,Crystal Craig,Male,51,2016,Associate Professor,Mechanical Engineering,Approve
664,664,Susan Watkins,Female,52,2017,Dean,Data Science and Engineering,Conract
665,665,Amber Neal,Female,60,2017,Senior Professor,Geotechnical Engineering,Regular
666,666,Melissa Clay,Female,56,2018,Senior Professor,Data Science and Engineering,Conract
667,667,Ronnie Morgan,Male,57,2017,Lecturer,Environmental Engineering,Approve
668,668,Robert Harrell,Male,39,2023,Dean,Robotics and Automation,Regular
669,669,Steven Kane,Female,53,2016,Assistant professor,Chemical Engineering,Regular
670,670,Michael Cole,Female,39,2022,Director,Geotechnical Engineering,Regular
671,671,Michael Thomas,Female,56,2016,Assistant professor,Civil Engineering,Conract
672,672,Danielle Myers,Female,60,2017,Lecturer,Aerospace Engineering,Conract
673,673,Scott Clark,Female,30,2023,Director,Environmental Engineering,Regular
674,674,Lisa Payne,Female,60,2016,Associate Professor,Data Science and Engineering,Conract
675,675,Jacob Morales,Female,43,2021,Research Professor,Chemical Engineering,Regular
676,676,Susan Weber,Female,55,2016,Assistant professor,Environmental Engineering,Regular
677,677,Cynthia Fisher,Male,60,2018,Director,Mechanical Engineering,Conract
678,678,Misty Roberts,Female,60,2018,Associate Professor,Robotics and Automation,Regular
679,679,Christopher Montes,Male,48,2022,Dean,Chemical Engineering,Approve
680,680,Mark Lane,Female,53,2016,Lecturer,Mechanical Engineering,Conract
681,681,Michael Beck,Female,51,2018,Associate Professor,Robotics and Automation,Approve
682,682,Roger Wolf MD,Female,44,2022,Dean,Mechanical Engineering,Conract
683,683,Jeremy Shepard,Female,51,2018,Director,Mechanical Engineering,Approve
684,684,Eric Meyer,Female,32,2021,Lecturer,Aerospace Engineering,Conract
685,685,Trevor Kim,Female,60,2018,Senior Professor,Data Science and Engineering,Regular
686,686,Jeffery Taylor,Female,57,2018,Director,Electrical Engineering,Regular
687,687,Margaret Butler,Female,60,2016,Senior Professor,Civil Engineering,Conract
688,688,Suzanne Johnson,Female,46,2023,Lecturer,Computer Engineering,Conract
689,689,April Gutierrez,Female,48,2021,Director,Computer Engineering,Regular
690,690,Christina Walker,Male,47,2022,Assistant professor,Chemical Engineering,Conract
691,691,Gail Mccann,Female,40,2022,Associate Professor,Aerospace Engineering,Regular
692,692,Lisa Harrington,Female,56,2018,Director,Robotics and Automation,Regular
693,693,Barbara Cooley,Female,43,2023,Senior Professor,Mechanical Engineering,Regular
694,694,Elizabeth Wiggins,Male,49,2021,Associate Professor,Civil Engineering,Conract
695,695,Pamela Webster,Male,48,2021,Director,Computer Engineering,Regular
696,696,William Campbell,Male,60,2016,Dean,Computer Engineering,Conract
697,697,Logan Wong,Female,55,2018,Associate Professor,Computer Engineering,Approve
698,698,Gina Howard,Female,45,2022,Senior Professor,Civil Engineering,Regular
699,699,Sarah Hunter,Male,60,2017,Research Professor,Civil Engineering,Conract
700,700,Amy Scott,Female,49,2022,Lecturer,Computer Engineering,Regular
701,701,Mr. Michael Martin MD,Female,51,2018,Assistant professor,Data Science and Engineering,Regular
702,702,Kari Morton,Male,56,2018,Senior Professor,Computer Engineering,Regular
703,703,Randall Alvarez,Female,34,2021,Director,Geotechnical Engineering,Approve
704,704,Taylor Hawkins,Male,49,2023,Associate Professor,Environmental Engineering,Conract
705,705,Pamela Harrison,Male,35,2023,Assistant professor,Civil Engineering,Conract
706,706,Matthew Dudley,Male,35,2021,Assistant professor,Aerospace Engineering,Approve
707,707,Maria Jones,Male,52,2016,Assistant professor,Computer Engineering,Conract
708,708,Dale Valdez,Male,43,2022,Associate Professor,Robotics and Automation,Regular
709,709,Andre Bell,Male,52,2018,Lecturer,Chemical Engineering,Conract
710,710,Candace Woods,Female,40,2023,Dean,Data Science and Engineering,Regular
711,711,Robert Anderson,Female,38,2023,Lecturer,Aerospace Engineering,Conract
712,712,Michael Ferguson,Female,60,2016,Dean,Computer Engineering,Approve
713,713,Jerry Lam,Male,52,2017,Assistant professor,Civil Engineering,Regular
714,714,Michael Anderson,Female,38,2021,Senior Professor,Aerospace Engineering,Conract
715,715,Mrs. Veronica Hughes MD,Male,60,2017,Dean,Environmental Engineering,Approve
716,716,Christopher Landry,Male,42,2023,Senior Professor,Electrical Engineering,Conract
717,717,Jacob Hall,Female,60,2018,Assistant professor,Robotics and Automation,Conract
718,718,Susan Erickson,Male,40,2023,Dean,Civil Engineering,Conract
719,719,Toni Hall,Female,45,2021,Senior Professor,Data Science and Engineering,Approve
720,720,Dawn Humphrey,Male,56,2017,Assistant professor,Environmental Engineering,Approve
721,721,Juan Zimmerman,Female,60,2016,Lecturer,Geotechnical Engineering,Conract
722,722,Autumn Rangel,Female,45,2021,Lecturer,Data Science and Engineering,Regular
723,723,Michael Landry,Male,58,2016,Director,Software Engineering,Regular
724,724,Elizabeth Fisher,Female,56,2016,Senior Professor,Civil Engineering,Conract
725,725,Christina Bell,Male,40,2022,Assistant professor,Civil Engineering,Approve
726,726,Stephen Jackson,Male,54,2016,Assistant professor,Aerospace Engineering,Conract
727,727,Adam Morrison,Female,40,2021,Dean,Data Science and Engineering,Conract
728,728,Marc Torres,Female,59,2016,Research Professor,Data Science and Engineering,Regular
729,729,Karen Reynolds,Male,55,2016,Director,Robotics and Automation,Regular
730,730,Lisa Bryant,Male,45,2023,Director,Civil Engineering,Regular
731,731,Darlene Davis,Male,56,2017,Senior Professor,Aerospace Engineering,Approve
732,732,Anthony Peterson,Female,60,2017,Associate Professor,Aerospace Engineering,Conract
733,733,Casey Walker,Female,58,2017,Senior Professor,Robotics and Automation,Regular
734,734,Rebecca Becker,Male,50,2023,Research Professor,Aerospace Engineering,Conract
735,735,Charles Wilson,Male,37,2023,Research Professor,Environmental Engineering,Approve
736,736,Benjamin Holmes,Male,32,2021,Director,Computer Engineering,Regular
737,737,Kevin Glover,Male,58,2018,Research Professor,Chemical Engineering,Regular
738,738,Brian Jones,Female,57,2017,Research Professor,Electrical Engineering,Approve
739,739,Tara Evans,Female,48,2023,Dean,Mechanical Engineering,Conract
740,740,Jennifer Nguyen,Female,34,2021,Lecturer,Civil Engineering,Approve
741,741,Calvin Brown,Male,45,2021,Director,Data Science and Engineering,Approve
742,742,Kerri Griffin,Female,56,2018,Assistant professor,Geotechnical Engineering,Conract
743,743,David Gray,Female,49,2023,Senior Professor,Robotics and Automation,Approve
744,744,Jessica Blevins,Male,59,2018,Director,Environmental Engineering,Approve
745,745,Jose Gonzalez,Female,50,2023,Lecturer,Robotics and Automation,Conract
746,746,Kyle Adams,Female,43,2023,Associate Professor,Environmental Engineering,Approve
747,747,Kathryn Griffith,Female,49,2023,Senior Professor,Mechanical Engineering,Approve
748,748,Jerry Edwards Jr.,Male,40,2023,Assistant professor,Civil Engineering,Approve
749,749,Edward Johnson,Male,60,2018,Lecturer,Computer Engineering,Approve
750,750,Jason Simmons,Male,53,2016,Director,Aerospace Engineering,Conract
751,751,Amy French,Male,46,2022,Senior Professor,Environmental Engineering,Regular
752,752,Jamie Johnson,Male,57,2017,Dean,Data Science and Engineering,Approve
753,753,Tyler Norman,Female,40,2023,Lecturer,Aerospace Engineering,Conract
754,754,Dustin Gates,Female,60,2017,Lecturer,Software Engineering,Conract
755,755,Eileen Castillo,Female,30,2021,Dean,Mechanical Engineering,Approve
756,756,Joshua Santos,Male,60,2018,Dean,Chemical Engineering,Conract
757,757,Julia Roberts,Male,49,2022,Research Professor,Software Engineering,Conract
758,758,Jennifer Wright,Male,41,2023,Assistant professor,Mechanical Engineering,Approve
759,759,Wendy Reyes,Female,56,2016,Lecturer,Environmental Engineering,Conract
760,760,Angela Neal,Male,48,2022,Associate Professor,Mechanical Engineering,Regular
761,761,Katie Erickson,Female,49,2022,Dean,Robotics and Automation,Conract
762,762,Jerry Young,Female,52,2017,Assistant professor,Civil Engineering,Conract
763,763,Mary White,Male,49,2021,Assistant professor,Chemical Engineering,Conract
764,764,Jeffrey Williams,Female,60,2017,Senior Professor,Data Science and Engineering,Regular
765,765,Andre Greene,Female,49,2021,Dean,Software Engineering,Conract
766,766,Megan Hughes,Male,46,2022,Lecturer,Aerospace Engineering,Approve
767,767,Alexander Warner,Female,54,2018,Senior Professor,Computer Engineering,Approve
768,768,Rodney Young,Male,43,2021,Assistant professor,Geotechnical Engineering,Regular
769,769,Amy Welch,Female,40,2021,Lecturer,Mechanical Engineering,Regular
770,770,Susan Garza,Male,52,2018,Senior Professor,Civil Engineering,Conract
771,771,Caleb Curtis,Male,56,2017,Research Professor,Data Science and Engineering,Conract
772,772,Mark Carter,Female,57,2016,Senior Professor,Computer Engineering,Conract
773,773,Frances Thompson,Male,32,2021,Associate Professor,Environmental Engineering,Approve
774,774,Melissa Camacho,Female,50,2023,Associate Professor,Robotics and Automation,Approve
775,775,Jenna Brown,Male,54,2017,Dean,Environmental Engineering,Regular
776,776,Terry Soto,Male,60,2018,Senior Professor,Chemical Engineering,Regular
777,777,Andrea Edwards,Male,42,2022,Senior Professor,Chemical Engineering,Approve
778,778,Thomas Hobbs,Female,36,2023,Dean,Software Engineering,Conract
779,779,Julie Craig,Female,46,2023,Research Professor,Electrical Engineering,Regular
780,780,Travis Olsen,Male,59,2016,Senior Professor,Environmental Engineering,Approve
781,781,Danielle Caldwell,Male,51,2016,Associate Professor,Robotics and Automation,Regular
782,782,Dennis Bailey,Female,60,2018,Research Professor,Civil Engineering,Conract
783,783,Amber Richardson,Male,41,2021,Senior Professor,Mechanical Engineering,Regular
784,784,Julie Meyer,Female,59,2017,Assistant professor,Civil Engineering,Regular
785,785,Jill Green,Female,49,2022,Director,Software Engineering,Regular
786,786,Taylor Willis,Male,48,2022,Assistant professor,Aerospace Engineering,Approve
787,787,Kelly Rodriguez,Female,60,2018,Assistant professor,Computer Engineering,Approve
788,788,Tyler Mason,Male,60,2017,Associate Professor,Software Engineering,Approve
789,789,Hannah Guerrero,Female,57,2018,Research Professor,Computer Engineering,Conract
790,790,Garrett Scott,Female,47,2022,Assistant professor,Geotechnical Engineering,Conract
791,791,James Owen,Male,41,2022,Senior Professor,Computer Engineering,Conract
792,792,Julie Colon,Female,47,2022,Director,Robotics and Automation,Conract
793,793,David Graham,Male,60,2018,Senior Professor,Data Science and Engineering,Conract
794,794,Amanda Crawford,Female,37,2023,Assistant professor,Computer Engineering,Approve
795,795,Robert Lang,Male,52,2018,Research Professor,Chemical Engineering,Approve
796,796,Luis King,Male,60,2018,Senior Professor,Environmental Engineering,Regular
797,797,David Hunt,Male,58,2018,Dean,Mechanical Engineering,Regular
798,798,Andrew Woodard,Male,58,2018,Associate Professor,Civil Engineering,Regular
799,799,April Wood,Female,34,2023,Senior Professor,Environmental Engineering,Conract
800,800,Kevin Jennings,Male,40,2022,Associate Professor,Robotics and Automation,Conract
801,801,Carrie Parks,Female,60,2018,Dean,Software Engineering,Approve
802,802,Michael Potts,Male,45,2021,Dean,Electrical Engineering,Conract
803,803,Trevor Bentley,Female,40,2021,Lecturer,Software Engineering,Approve
804,804,Philip Thompson,Male,60,2018,Associate Professor,Chemical Engineering,Approve
805,805,Ryan Thomas,Female,52,2018,Research Professor,Mechanical Engineering,Approve
806,806,Megan Soto,Male,60,2018,Research Professor,Computer Engineering,Regular
807,807,Nicole Lewis,Female,60,2017,Assistant professor,Software Engineering,Approve
808,808,Linda Anderson,Male,33,2021,Senior Professor,Data Science and Engineering,Approve
809,809,Jacqueline Walton,Male,60,2016,Senior Professor,Electrical Engineering,Approve
810,810,Michael Scott,Male,60,2016,Senior Professor,Electrical Engineering,Approve
811,811,Michael Wood,Male,58,2017,Research Professor,Software Engineering,Approve
812,812,Kimberly Thomas,Female,47,2021,Research Professor,Data Science and Engineering,Conract
813,813,Thomas Bradshaw,Male,47,2023,Dean,Aerospace Engineering,Regular
814,814,Jennifer Parker,Female,42,2022,Assistant professor,Software Engineering,Approve
815,815,Michael Hunt,Male,54,2018,Assistant professor,Software Engineering,Conract
816,816,Danielle Elliott,Male,39,2021,Associate Professor,Geotechnical Engineering,Conract
817,817,Anna Decker,Female,35,2022,Senior Professor,Mechanical Engineering,Conract
818,818,Jennifer Mills,Female,47,2023,Senior Professor,Environmental Engineering,Approve
819,819,Matthew Browning,Male,46,2023,Dean,Robotics and Automation,Approve
820,820,Robyn Rios,Female,53,2016,Senior Professor,Electrical Engineering,Approve
821,821,Courtney Evans DVM,Female,50,2021,Director,Geotechnical Engineering,Approve
822,822,Jennifer Ruiz,Female,45,2023,Research Professor,Robotics and Automation,Regular
823,823,Scott Wagner,Female,39,2022,Senior Professor,Civil Engineering,Approve
824,824,Jessica Davis,Female,49,2021,Dean,Chemical Engineering,Conract
825,825,Ronald Rosales,Female,42,2022,Lecturer,Aerospace Engineering,Regular
826,826,James Hale,Female,40,2021,Lecturer,Computer Engineering,Conract
827,827,Jason Hudson,Female,54,2016,Associate Professor,Mechanical Engineering,Approve
828,828,Dr. Chase Diaz III,Male,42,2023,Dean,Electrical Engineering,Conract
829,829,Renee Rocha,Female,60,2017,Research Professor,Civil Engineering,Conract
830,830,Ronald Huff,Female,60,2018,Associate Professor,Chemical Engineering,Approve
831,831,Stacie Jones,Female,48,2022,Dean,Electrical Engineering,Approve
832,832,Amy Fields,Male,45,2021,Dean,Robotics and Automation,Regular
833,833,Jessica Yang,Female,40,2022,Senior Professor,Chemical Engineering,Conract
834,834,Antonio Perkins,Female,52,2017,Associate Professor,Mechanical Engineering,Approve
835,835,Chad Smith,Male,45,2023,Dean,Software Engineering,Conract
836,836,Casey Schmidt,Female,60,2016,Associate Professor,Software Engineering,Approve
837,837,Melissa Morgan PhD,Male,37,2021,Assistant professor,Geotechnical Engineering,Approve
838,838,Tammy Hamilton,Male,55,2018,Associate Professor,Geotechnical Engineering,Regular
839,839,Teresa Lambert,Female,59,2016,Research Professor,Robotics and Automation,Regular
840,840,Miranda Gardner,Female,60,2016,Senior Professor,Data Science and Engineering,Conract
841,841,Mark Johnson,Female,58,2018,Research Professor,Computer Engineering,Regular
842,842,Barbara Tucker,Male,40,2022,Lecturer,Aerospace Engineering,Regular
843,843,Jennifer Hensley,Female,49,2022,Senior Professor,Environmental Engineering,Regular
844,844,Gabriela Mcclain,Female,55,2017,Research Professor,Environmental Engineering,Approve
845,845,Jill Adams,Male,60,2017,Director,Software Engineering,Regular
846,846,Kimberly Owens,Male,57,2017,Assistant professor,Mechanical Engineering,Conract
847,847,Sally Jackson,Male,49,2021,Senior Professor,Robotics and Automation,Approve
848,848,Joy Thomas,Male,56,2017,Senior Professor,Software Engineering,Regular
849,849,Brian Fox,Female,30,2023,Associate Professor,Software Engineering,Regular
850,850,Catherine Garcia,Male,54,2016,Senior Professor,Mechanical Engineering,Regular
851,851,Cameron Weber,Female,56,2017,Research Professor,Civil Engineering,Conract
852,852,Jessica Reyes,Male,55,2018,Associate Professor,Environmental Engineering,Regular
853,853,Carla Lee MD,Male,45,2021,Research Professor,Geotechnical Engineering,Regular
854,854,David Sanchez,Male,60,2016,Assistant professor,Electrical Engineering,Approve
855,855,Melissa Noble,Female,52,2018,Director,Computer Engineering,Regular
856,856,Stephen Cain,Male,55,2017,Assistant professor,Electrical Engineering,Conract
857,857,Anna Jones,Male,50,2022,Research Professor,Chemical Engineering,Regular
858,858,Benjamin Joseph,Female,60,2017,Assistant professor,Geotechnical Engineering,Conract
859,859,Mark Rivas,Female,52,2018,Assistant professor,Electrical Engineering,Approve
860,860,Andrew Gonzalez,Male,43,2023,Research Professor,Chemical Engineering,Approve
861,861,Madison Morris,Male,51,2018,Director,Civil Engineering,Conract
862,862,Charles Shelton,Female,51,2017,Senior Professor,Data Science and Engineering,Conract
863,863,Randall Simpson,Male,49,2021,Director,Civil Engineering,Regular
864,864,Maria Tran,Female,48,2023,Dean,Geotechnical Engineering,Conract
865,865,Krystal Medina,Female,58,2018,Associate Professor,Aerospace Engineering,Regular
866,866,Zoe Moore,Male,60,2017,Assistant professor,Software Engineering,Approve
867,867,Joseph Whitaker,Male,56,2016,Lecturer,Computer Engineering,Conract
868,868,Jeffery Weeks,Female,45,2021,Associate Professor,Computer Engineering,Conract
869,869,Emily Hobbs,Female,60,2016,Dean,Software Engineering,Regular
870,870,Bianca Lane,Male,44,2023,Senior Professor,Chemical Engineering,Regular
871,871,Brian James,Male,37,2023,Associate Professor,Geotechnical Engineering,Regular
872,872,Brianna Ballard,Male,51,2016,Lecturer,Chemical Engineering,Conract
873,873,Natalie Cruz,Male,54,2017,Research Professor,Computer Engineering,Conract
874,874,Kevin Sullivan,Male,55,2016,Senior Professor,Aerospace Engineering,Approve
875,875,Sergio Ferguson,Female,56,2018,Director,Electrical Engineering,Conract
876,876,Craig Craig,Female,60,2017,Director,Robotics and Automation,Conract
877,877,Joshua Rodriguez,Male,60,2018,Assistant professor,Mechanical Engineering,Approve
878,878,Robert Johnson,Female,46,2023,Lecturer,Data Science and Engineering,Regular
879,879,Bradley Rios,Male,53,2016,Dean,Mechanical Engineering,Regular
880,880,Brian Green,Male,56,2017,Assistant professor,Software Engineering,Approve
881,881,Heather Brandt,Male,54,2017,Lecturer,Robotics and Automation,Approve
882,882,Edward Andersen,Female,60,2018,Assistant professor,Robotics and Automation,Regular
883,883,Caitlyn Cooke,Female,60,2018,Assistant professor,Aerospace Engineering,Approve
884,884,Melanie Leon,Male,43,2021,Senior Professor,Software Engineering,Regular
885,885,Jordan White,Female,43,2022,Director,Geotechnical Engineering,Approve
886,886,Timothy Ruiz,Male,34,2021,Director,Geotechnical Engineering,Regular
887,887,Stephen White,Female,52,2016,Senior Professor,Chemical Engineering,Regular
888,888,Elizabeth Anderson,Male,42,2021,Research Professor,Robotics and Automation,Conract
889,889,Tara Chung,Male,37,2022,Assistant professor,Environmental Engineering,Regular
890,890,Jason Maynard,Female,60,2017,Lecturer,Aerospace Engineering,Approve
891,891,Gina Shaw,Male,52,2017,Assistant professor,Environmental Engineering,Conract
892,892,Robin Wright,Male,46,2022,Assistant professor,Robotics and Automation,Regular
893,893,Jasmine Barber,Male,40,2023,Research Professor,Electrical Engineering,Approve
894,894,Karen Wiley,Male,52,2018,Dean,Chemical Engineering,Conract
895,895,Rebecca Ortiz,Female,57,2018,Director,Mechanical Engineering,Approve
896,896,Steven Swanson,Female,60,2017,Senior Professor,Computer Engineering,Regular
897,897,Janet Morgan,Female,58,2017,Director,Computer Engineering,Conract
898,898,Kelli Wilcox,Male,44,2023,Assistant professor,Computer Engineering,Regular
899,899,Hannah Michael,Female,42,2021,Associate Professor,Data Science and Engineering,Conract
900,900,Isaac Parker,Female,60,2018,Associate Professor,Software Engineering,Conract
901,901,Seth Smith,Male,53,2018,Research Professor,Chemical Engineering,Approve
902,902,Lori Bowen,Female,60,2016,Director,Electrical Engineering,Conract
903,903,Randall Pierce,Female,60,2018,Director,Data Science and Engineering,Conract
904,904,Ashley Williams,Female,60,2017,Assistant professor,Mechanical Engineering,Approve
905,905,Karen Espinoza,Male,51,2016,Assistant professor,Geotechnical Engineering,Approve
906,906,Mary Ibarra,Male,60,2016,Lecturer,Aerospace Engineering,Regular
907,907,Kari Olsen,Male,30,2021,Director,Chemical Engineering,Approve
908,908,Richard Morris,Male,54,2017,Associate Professor,Civil Engineering,Regular
909,909,Jason Bates,Female,60,2017,Dean,Software Engineering,Conract
910,910,April Peterson,Female,45,2023,Research Professor,Software Engineering,Conract
911,911,Teresa Schmitt,Female,46,2021,Lecturer,Electrical Engineering,Approve
912,912,Elizabeth Hancock,Male,40,2021,Lecturer,Environmental Engineering,Regular
913,913,Craig Davis,Female,44,2021,Director,Electrical Engineering,Conract
914,914,Michael Garcia,Male,42,2021,Director,Software Engineering,Regular
915,915,Joseph Andrews,Female,47,2022,Assistant professor,Mechanical Engineering,Regular
916,916,Valerie Miller,Female,55,2018,Dean,Environmental Engineering,Conract
917,917,Amy Johnson,Male,59,2017,Senior Professor,Data Science and Engineering,Regular
918,918,Robert Skinner,Female,60,2016,Lecturer,Environmental Engineering,Approve
919,919,Tammy Smith,Female,60,2016,Research Professor,Software Engineering,Conract
920,920,Ian Bryant,Female,60,2017,Senior Professor,Data Science and Engineering,Conract
921,921,Christian King,Male,52,2018,Research Professor,Geotechnical Engineering,Conract
922,922,Vanessa Wilson,Female,45,2022,Research Professor,Computer Engineering,Regular
923,923,Shannon Mccarthy,Female,50,2021,Director,Environmental Engineering,Regular
924,924,Andrew Turner,Female,52,2018,Dean,Mechanical Engineering,Approve
925,925,Kimberly Jordan,Male,60,2017,Dean,Chemical Engineering,Approve
926,926,Phyllis Perez,Female,60,2016,Assistant professor,Chemical Engineering,Conract
927,927,Kevin Velasquez,Female,60,2016,Research Professor,Electrical Engineering,Regular
928,928,Gary Anderson,Female,50,2023,Lecturer,Aerospace Engineering,Approve
929,929,Kathleen Morgan,Male,49,2022,Dean,Electrical Engineering,Approve
930,930,Mark Williams,Female,53,2016,Research Professor,Data Science and Engineering,Regular
931,931,Michael Adams,Male,50,2021,Lecturer,Robotics and Automation,Regular
932,932,Dillon Medina,Male,30,2023,Lecturer,Data Science and Engineering,Conract
933,933,Molly Williams,Male,45,2023,Senior Professor,Chemical Engineering,Conract
934,934,Debbie Johnson,Female,54,2018,Associate Professor,Civil Engineering,Regular
935,935,Meghan Kennedy,Female,44,2022,Director,Computer Engineering,Conract
936,936,Steve Thornton,Male,60,2016,Associate Professor,Software Engineering,Regular
937,937,Laura Bowman,Male,56,2017,Lecturer,Robotics and Automation,Conract
938,938,Michael Johnston,Male,55,2016,Research Professor,Computer Engineering,Approve
939,939,Tina Williams,Male,60,2017,Dean,Environmental Engineering,Regular
940,940,Michelle Raymond,Female,56,2017,Associate Professor,Software Engineering,Conract
941,941,Anita Smith,Female,30,2021,Research Professor,Chemical Engineering,Regular
942,942,Shannon Walters,Female,42,2023,Associate Professor,Robotics and Automation,Conract
943,943,Sarah Clark,Female,41,2021,Research Professor,Software Engineering,Approve
944,944,Leslie Brooks,Male,39,2021,Director,Robotics and Automation,Conract
945,945,Pamela Strickland,Female,52,2016,Lecturer,Electrical Engineering,Regular
946,946,Brittany Porter,Male,37,2023,Assistant professor,Data Science and Engineering,Approve
947,947,Stephen Liu,Male,50,2021,Assistant professor,Geotechnical Engineering,Conract
948,948,Randy Nelson,Male,40,2021,Lecturer,Environmental Engineering,Conract
949,949,Sarah Mccoy,Female,56,2017,Associate Professor,Geotechnical Engineering,Conract
950,950,Michael Nunez,Female,30,2021,Associate Professor,Environmental Engineering,Approve
951,951,John Moreno Jr.,Male,57,2017,Research Professor,Aerospace Engineering,Approve
952,952,Sara Young,Female,53,2016,Lecturer,Aerospace Engineering,Conract
953,953,Karen Jackson,Female,57,2017,Dean,Data Science and Engineering,Conract
954,954,Courtney Carrillo,Male,60,2016,Research Professor,Geotechnical Engineering,Approve
955,955,Thomas Stephens,Male,42,2021,Senior Professor,Data Science and Engineering,Regular
956,956,Crystal Oconnell,Female,60,2017,Assistant professor,Robotics and Automation,Conract
957,957,Julie Guzman,Female,60,2017,Assistant professor,Software Engineering,Approve
958,958,Elizabeth Greene,Male,48,2021,Director,Electrical Engineering,Approve
959,959,Carrie Rocha,Male,48,2022,Dean,Aerospace Engineering,Regular
960,960,Donna Mullen,Male,54,2017,Research Professor,Civil Engineering,Approve
961,961,John Turner,Male,60,2018,Research Professor,Data Science and Engineering,Approve
962,962,Chad Morris,Female,60,2018,Associate Professor,Aerospace Engineering,Conract
963,963,Jessica Mccarthy,Female,56,2016,Research Professor,Robotics and Automation,Approve
964,964,James Mcdaniel,Male,53,2017,Director,Geotechnical Engineering,Approve
965,965,Christine Barrett,Female,58,2016,Director,Aerospace Engineering,Approve
966,966,Cassandra Pearson,Male,60,2016,Assistant professor,Data Science and Engineering,Approve
967,967,Anne Harper,Female,39,2022,Assistant professor,Chemical Engineering,Regular
968,968,Christopher Wheeler,Female,55,2018,Research Professor,Electrical Engineering,Regular
969,969,Rebecca Garcia,Male,60,2016,Research Professor,Data Science and Engineering,Regular
970,970,Rhonda Anderson,Male,45,2021,Dean,Aerospace Engineering,Conract
971,971,Timothy Griffin,Female,42,2021,Research Professor,Electrical Engineering,Conract
972,972,Erika Little,Female,60,2016,Research Professor,Electrical Engineering,Approve
973,973,Melissa Anderson,Male,56,2018,Associate Professor,Mechanical Engineering,Regular
974,974,Jonathan Howell,Male,47,2022,Director,Data Science and Engineering,Conract
975,975,Zachary Johnson,Male,37,2021,Research Professor,Software Engineering,Approve
976,976,Theodore Warren,Male,55,2018,Associate Professor,Environmental Engineering,Approve
977,977,Susan Hawkins,Male,45,2023,Assistant professor,Environmental Engineering,Conract
978,978,Thomas Mcdowell,Male,53,2018,Lecturer,Mechanical Engineering,Approve
979,979,Debbie Cohen,Male,60,2016,Research Professor,Computer Engineering,Regular
980,980,Kyle Lowery,Male,55,2018,Director,Robotics and Automation,Regular
981,981,Donald Freeman,Male,60,2017,Associate Professor,Mechanical Engineering,Regular
982,982,Bryan Jimenez Jr.,Female,39,2023,Research Professor,Aerospace Engineering,Conract
983,983,Barbara Duran,Male,50,2022,Dean,Computer Engineering,Conract
984,984,Emma Knight,Female,39,2022,Dean,Robotics and Automation,Approve
985,985,Justin Delacruz,Male,57,2017,Associate Professor,Aerospace Engineering,Approve
986,986,Matthew Guzman,Female,60,2016,Assistant professor,Environmental Engineering,Regular
987,987,Jordan Cunningham,Male,54,2016,Senior Professor,Civil Engineering,Regular
988,988,Ronald Parker,Male,57,2016,Associate Professor,Electrical Engineering,Regular
989,989,Laura Park,Female,59,2017,Dean,Aerospace Engineering,Approve
990,990,Travis Haynes,Female,53,2016,Senior Professor,Environmental Engineering,Approve
991,991,Brenda Lane,Female,51,2018,Dean,Data Science and Engineering,Approve
992,992,Thomas Hill,Male,52,2016,Director,Aerospace Engineering,Approve
993,993,Erica Francis,Female,49,2022,Senior Professor,Civil Engineering,Approve
994,994,Dr. Sabrina Becker,Male,36,2021,Associate Professor,Robotics and Automation,Regular
995,995,Sylvia Miller,Female,57,2016,Senior Professor,Geotechnical Engineering,Regular
996,996,James Carroll,Female,52,2018,Director,Data Science and Engineering,Conract
997,997,Jessica Collins,Female,60,2016,Assistant professor,Robotics and Automation,Regular
998,998,Debra Glenn,Female,51,2018,Assistant professor,Aerospace Engineering,Approve
999,999,Danielle Davis,Male,60,2018,Director,Mechanical Engineering,Regular
